{"cameraMode":{"drawMode":0,"name":"Shaded","section":"Shading Mode"},"sceneLighting":true,"audioPlay":false,"sceneViewState":{"showFog":true,"showMaterialUpdate":false,"showSkybox":true,"showFlares":true,"showImageEffects":true,"showParticleSystems":true},"in2DMode":false,"pivot":{"x":88.50926971435547,"y":139.70834350585938,"z":96.6470947265625},"rotation":{"x":0.16371196508407594,"y":0.40164387226104739,"z":-0.07321780174970627,"w":0.8980644941329956},"size":22.0,"orthographic":false}