{"cameraMode":{"drawMode":0,"name":"Shaded","section":"Shading Mode"},"sceneLighting":true,"audioPlay":false,"sceneViewState":{"showFog":true,"showMaterialUpdate":false,"showSkybox":true,"showFlares":true,"showImageEffects":true,"showParticleSystems":true},"in2DMode":false,"pivot":{"x":181.9939422607422,"y":869.1505126953125,"z":240.1231689453125},"rotation":{"x":0.5164636969566345,"y":-0.4828449785709381,"z":0.5183179974555969,"w":0.4811159372329712},"size":-181.90167236328126,"orthographic":false}